sha256,vt_result,vt_detection,vt_threat_label,vt_threat_category,vt_threat_name,vt_name,vt_type,vt_size,vt_md5,vt_sha1,vt_ssdeep,vt_tlsh,vt_first_seen,vt_last_analysis,vt_times_submitted,vt_tags,cverc_result,cverc_detection,cverc_malware_name,cverc_format,cverc_name,cverc_size,cverc_trust,cverc_pack,cverc_compiler
037171c0bfd60eb438eab7f1bf51ac77dffcc137963f1120ad041dd6a55d50b9,已收录,55/75,,,,memz_____.zip,ZIP,18698,d8bf1dd634b01f71b3d201a8eb2c5d0b,e7a90df2520deab1b156476aa1439961aeb1dd40,384:eq5w0zFWCFzBtLD+MGuemdZs7n52mbFimtuckPXEKyuGSXCfAKH:Lq0ECFzBsMG/7nFXoXEKyuZSAg,T11382D1B1B040E3C1C566E63698F6C791424E871F0E397670DE3FC70B3C8CAA6B498929,2018-05-29 14:35:56,2023-05-15 17:49:22,3,"contains-pe,zip",未收录,,,,,,,,
03ca6e1430fac425807e73f0e336b0025147f5d219d4e8611a2f3b13651a632c,已收录,49/74,,,,Ransom.Y 勒索.zip,ZIP,152424,c4bd5942404e5a3486d780aac2507694,d1b4fb4a8d041d2081306a6f83b180825af6b06f,3072:fnvzDQr4U6rj0+H06en18Izb97OwTNSIGhCgDhdyaD10DLqIM:vbyP6rj0uXCzb4P9d5evhM,,2020-02-10 22:35:31,2020-02-10 22:35:31,1,"contains-pe,zip",未收录,,,,,,,,
04f2eec24b9089585e7d026913a20bd006f2edb66bcf47a5e648a5adf5faea08,已收录,46/70,,,,卢本伟病毒.zip,ZIP,12267433,bcfbce02deef339a85fe77e635e3e27a,e8d7f66568780c37585c5caa926620fc99757492,196608:xOrtU4Lbnk8+WMcvduyRzqA+UqnVJJfvR1Fgc5aksB8sS/CHi5y9K68/QVHiSHvw:x+t5AWzMA+PJnR3g0/CHi5wK5oFvKOQP,,2018-10-01 01:48:31,2019-12-11 07:44:06,14,"contains-pe,zip",未收录,,,,,,,,
0677283f134a2e3b818f13ac6b24eea1ec74bcbdce51f20d22db370fa7d83ee9,已收录,43/71,,,,CF透视飞天外挂 勒索.zip,ZIP,814133,fd7a379b5e7cc67e466e9f690e88e645,e0f37374e629b1fca89869fc5d384f369e94e0fc,24576:JZfjeJoTKgQGi/e7kze0GDKw5IqOxqLiJghk2U:zfCIFdMsOwKxaiJg+/,,2018-05-24 10:28:33,2019-06-20 13:02:40,2,"contains-pe,zip,upx",未收录,,,,,,,,
0682389278e467f3c2042abd661e1c4a2c70ecf0c4a319e2d83d6aa2ebc79e64,已收录,43/75,,,,Ransom.HydraCrypt 勒索.zip,ZIP,232796,3e6c9deb956ec41c30c0f24aba672168,f9e31ea7e66f4b6e3519cae92b0a67aa73d190ce,6144:+FyP5NPy6hI6F5RGHMuJmJ/Jh+ftiEA2t:+FyP5Na4XGHlJm9mftiP0,,2020-02-10 22:35:06,2020-02-10 22:35:06,1,"contains-pe,zip",未收录,,,,,,,,
10b0171998251d26af4a93e21aa22b5fc7109f9df593b4d865849ddb9c0e62c0,已收录,42/71,,,,QQ Helper.zip,ZIP,1010720,35a068ee877ce53f8080417b0548a103,af84bd25d658b54e9bfd3391454e8ffe3f95951d,24576:vcqZD4DsdkQDrKKwNeofJINsXtawGZt1fzRKqomAcqbiKmkZC+5N:vcg44qcuNNJIu9FsTRKWLqbi3ICaN,,2018-05-20 17:23:53,2019-12-10 20:36:10,8,"contains-pe,zip",未收录,,,,,,,,
13855b9bfaf0f57bc8854663f8da52f1dfe8948ad4f88964242c59b6730bd9c7,已收录,47/73,,,,Ransom_CRYPTEAR.SM0 勒索.zip,ZIP,38649,0a8d977f225d14b51e8d002beda3f37b,191cfc1fc1f7947cde4742db6f708c4155a91128,768:twd/e9Auj3qVV8PM0lxHFrj+PNsJgo96vPc1Tmv5W2ycy2kmwbzqRLNp:ud6dTIKjDJSPKJS0xq5dycyFbz0p,,2020-02-10 22:35:38,2020-02-10 22:35:38,1,"contains-pe,zip",未收录,,,,,,,,
15921499a341a59b2a67101a4ba33ac25cca9d66e9cae774a11aea81c3b2aca1,已收录,49/72,,,,Princess Locker v2 勒索.zip,ZIP,617251,77cfb0997deb851ed84954f5f648ea7b,4eec0a78ea65f66e57a3d43971c539ab2055581b,12288:bkyHV6CsV3T9/UEVLcLeV6mo97ICbvfKWkD+v2ZQ3fXmbG9yx575b:AyHMf/UyLOeM/aCb3KWkrW2bx75b,,2020-02-10 22:34:41,2020-09-22 11:24:39,1,"contains-pe,zip",未收录,,,,,,,,
15d8fad1d4ccfb9c69238b38c8e4b67babb1b5d1c7106b5f48cd001ed018d6f7,已收录,45/73,,,,死亡答题.zip,ZIP,1693233,0f8676d0622416186003dfb7d94b5973,abd8ed2b3cf954113db38d373dada0e66d8c9c6f,49152:h6Vd/2q0njl+x/ayfMNexNQfZFx+xckHXN9RjhLhN2RSIQXe:hY/90uayfM6SCckHXNFLhN2AXe,T1A17533A5DB84213D6CFB8E8BC5980A73A6586AF7EBE10F3174711C429852B41317EDCB,2018-05-24 10:26:32,2021-08-23 17:41:32,2,"contains-pe,zip,upx",未收录,,,,,,,,
17d1e46d20a3e2cab4d47a31473fd5f23e7741f0b4fb05ff7ff0089c04a7f85c,已收录,45/69,,,,伪Flash Player.zip,ZIP,1201094,0c9bd50009342c840901167f19f78ccc,0a3225a37fc6fc3121ff0156d0bf7ba995c3c091,,,2018-05-29 14:34:30,2019-06-20 13:00:32,2,"contains-pe,zip",未收录,,,,,,,,
1a2cc68393913c9637ae84862c40192ac17311b91807a060c5fc114ce3e86445,已收录,50/76,,,,Ransom.MBRLock 勒索.zip,ZIP,424556,175caed9f22415f87a1248ac47804d79,affa43c6d665388b187fa5b3cbe966a4ec2b39d9,12288:nzJFA1/iR7V4ebO6ilSTgbjYawzhPk/yxMJPdv57N5ZnnM:nzU1/OV40iQMEa6hM/yxSdh7f9nM,T13A94236C87AC9EE3CF8685344C108E4BD588DE5C17CD9C35ECA1E1976250722B2BE6B7,2020-02-10 22:35:15,2022-11-26 10:49:55,3,"contains-pe,zip",未收录,,,,,,,,
1add727e4f93daa44533c4efe1900e6b342c060ce1ba0eebe96cc1872cc7773a,已收录,51/75,trojan.encoder/expelcod,trojan,encoder,FileLocker 加密勒索.zip,ZIP,52158,b1e186340c3ded36b3feaa83b816f484,cd2f586421ac3fcd5c0dba81d8ac91c01ad0e94e,768:ZdfjTx4TlEc9be80u1miP5L+CphyxSstqW7/ozKBvMK1jCTekbgG0Gcw:R4BEc9be80u1miP5rrHO7zXm/SGf,T17D33F1EBD061AEC59EAA21155E7FCB14BCA012C5C1ACCB8DC0D01706DB9335F567A166,2020-02-10 22:34:26,2025-04-10 05:06:28,3,"contains-pe,zip",未收录,,,,,,,,
1b29e5b431aa4e56d7dd5fb6675c5c139bb0c0a54d3e474bba309a91603b6bcf,已收录,47/74,,,,Ransom.GlobeImposter 勒索.zip,ZIP,196280,8bb9be8932e62a321985ea699783d654,a356d64fa9ecbdc8bf4895f87a6faecedd97476d,3072:eMXgTBg8XL2s25Upnl94uh54XGLUM+1vV4Jrsm2ixBQPSASqQDlmjCgykJYbOQ/f:eJBnXizwnlauh2XGYMMN46l+B3DsWgh+,,2020-02-10 22:35:01,2020-02-10 22:35:01,1,"contains-pe,zip",未收录,,,,,,,,
1b55c72eb03c1b1f5958941048fb72eec3d8d3d3ddd0a64fcfd5b2f6cdf5e36a,已收录,40/73,,,,restoLocker 勒索.zip,ZIP,1659332,33c52dac30d827c3bb8e8ad46143470a,13a1c34ad7061ea90827fdbd78b12686b5312a90,49152:SM21LZdYaf80bOiJ67HYmQHkxxxOpPQrcZ88UvcWMrmg:SM2d0a7jm32QTJtjg,,2020-02-10 22:35:47,2020-02-10 22:35:47,1,"contains-pe,zip",未收录,,,,,,,,
1ce28e4a2cfd75dd49639d2d7ecb7286ec4b287c9906504f163c1ec1c0f12df4,已收录,45/74,,,,=?UTF-8?B?TUFUUklYIOWLkue0oi56aXA=?=,ZIP,1114305,360f3d087188eadf9aad03029c60fb65,b2cc29907ad8525f0e69ceccf3aa7781b9442e8f,24576:WWVx2oEWDN2qk8bviC5E/UxQqoOOxBWAOw5tULcJ:Wki8bviCCq99AOWtfJ,,2018-08-16 14:22:38,2020-06-08 17:16:56,1,"contains-pe,zip",未收录,,,,,,,,
1db497f39199fd5acb87c1281bc463776c28c41b3039dc859c7af8e1e1874719,已收录,50/75,,,,Ransom.JaffCrypt 勒索.zip,ZIP,114139,4d295a848f8d3878d1d2308dd35ac6a4,6bc4f0db88a34246bead5136d15d3f6adab391b0,3072:T5BqP2n8I01HaU1k/iSfWHByzcZPSZb+7zTU:T5BqPo01H1kd+VPSZ2TU,,2020-02-10 22:35:08,2020-02-10 22:35:08,1,"contains-pe,zip",未收录,,,,,,,,
1ed04b80247199584ad2dfdb42631edfeb9f561af2d31b36fcea7d538d5f6437,已收录,41/73,,,,Ransom.GRYPHON 勒索.zip,ZIP,148668,0b8182d7838ce0fec751f01a186752a0,0114426c7717d00eeb6aa22b5c4b9690595b67c9,3072:9pbKwyXD6gmzHUWO2wHZfaQein0cidcCQeTLF2cox:nuw+ujzHUWO2sZfReXdcClBe,T131E3129A34EBD1D3E605003E9BD99C8CD394216EF66E9CA35E04448E1BE133986FD877,2020-02-10 22:35:03,2022-05-26 09:58:35,1,"nsis,contains-pe,zip",未收录,,,,,,,,
226ae76447a0b81d4fe274ac795c5e3bc94579d5fec030f9609806eb2ac00a8e,已收录,48/74,,,,Recomposit. #Cerber 勒索.zip,ZIP,306145,e62f3f63b77ad5c5641d19af766c66f0,e51ff59a1fc1a1037f66a1c2860f622d46cde0d0,6144:89N60xR8uEUGvazm4WMpW+X5q7FbY3xPB2f/dp5EbTgj7YdKMmJAp:8D6OPEU3Uc5q7FbYhP435EPg4dTT,,2020-02-10 22:35:44,2020-02-10 22:35:44,1,"contains-pe,zip",未收录,,,,,,,,
26c186803930e1ff4ac8ee741a53ad77bc6d7bae92aa225ca4b4c502699de648,已收录,53/75,,,,Ransom.Cerber 2 勒索.zip,ZIP,267691,1ff99e25a463384c0751947465135003,9959f8d748fd1fc00f0a0315dc6b243befb5e770,6144:P6zUG/ZP3h9g7+tNbDlRxVguWskWjUO1z1Ra:P6QG/ZpO7+tFllTWZMt3a,T1FA4423AEAC2D51188197D052D608B3B4AC8FD7C6667F708C7FCDE3FA4914A80E64C9D6,2020-02-10 22:34:50,2023-07-08 07:46:35,2,"contains-pe,spreader,zip",未收录,,,,,,,,
26ef480755b87559202fdfde2d13f36433aecd25de49d3362925d3ccc8116a19,已收录,48/75,,,,Reyptson. Ransomware 勒索.zip,ZIP,33944,765ac74776a488ceacd344187a5ce3e7,9cfcd8eef18443a445200aeaa132e256202d3011,768:v2QZ8hPbKpV9NYNm1TM2DNHcDXdef84JkK2Pbe:eQZ8hPbo9NYNmxzp8tE2Pbe,,2020-02-10 22:35:48,2020-02-10 22:35:48,1,"contains-pe,zip",未收录,,,,,,,,
27a159210ee3b2a0ec19f8a03cae4b47b081520338b9bc5a6ab78cf4b5905169,已收录,40/74,,,,Ransom.DoNotChange 勒索.zip,ZIP,761320,1376231e6bab6457022af93de5b38373,10913153494891c27a493320507ea8c6b1cc4054,12288:3CskqUCZFmJ5OiwN6cv2fsYP5e2D+d0ruNe+YBm+z+3H9d4TiHYkheVUHO3Qyspo:ysVZmJNwNd8sUg2D+d0rGaBmn3TQiHPw,,2020-02-10 22:34:58,2020-02-10 22:34:58,1,"contains-pe,zip",未收录,,,,,,,,
29417c7d7259f6c9fc0ee7c76b9c3a7306f56e4adbe109a4e5e73e1b7a5731e9,已收录,47/74,,,,TrumpLocker 勒索.zip,ZIP,581364,08d1010e3baea0566bde75bd29eae1dc,667d3c8789f12a42f87b7a6bebf8d0c5f411741c,12288:ytdsIslOm5Ebe2Nb/uygHlbaAbOMpwHOv/h4LfJE1:yt6IwqXGygbV+HOJ4C1,,2020-02-10 22:36:02,2020-02-10 22:36:02,1,"contains-pe,zip",未收录,,,,,,,,
2eb159ab7068a631edc351b72d7ab1e7f04b5617c058f1352cc168a5346751ea,已收录,41/75,,,,BadEncript.Ransom 勒索.zip,ZIP,105498,65aa5b8d06510b8c557e1edc63afac85,4d01d66ff38969166867860050800162979fb0a4,3072:FZ+E6v8XVdRY5Ym3B1Jb8q1tx4tDYvS1e0ZE0kZX:FER0FM6GpAqnYDYvS1e060kZX,T18AA302A408870176F21050F30873AAC72B7D64BF6A1AC7E972EDD55C513AB53EB839D0,2020-02-10 22:34:17,2023-07-07 11:18:04,2,"contains-pe,zip",未收录,,,,,,,,
30c75b617bed74481b606edeea7434eee324cbc919ce401f257b1bbe41e077c0,已收录,43/72,,,,39.zip,ZIP,114097,d9b2a566dfe66c98b8bd96862687efa9,efa37cf615a21e8fa9b6d15af775e4571457174a,3072:JaG2der0cA3/f5Wl0AF5//YTy6+g5nJiCHXO5E:D2d6U/f5S1/QyPg5MC+K,,2019-04-13 15:36:50,2019-04-13 15:36:50,1,"contains-pe,zip",未收录,,,,,,,,
35bc42ac0329d8fd70af2f14b263b1077936bd461022fd6be7b5233260936912,已收录,41/75,,,,Ransom.Philadelphia 勒索.zip,ZIP,395391,a1bc83cd11a021b0ad318625aece52be,cc76341090bb616fd66d951be78df307e71ad6f1,6144:5h3hRZBXwT7M4FTlV4p36utYbQcoAYIpa3jXsQO9IbNGZTQq9AtdCv5W34+:H3jZB+Zhl036gG7a3NO9SG0SCS9+,,2020-02-10 22:35:21,2020-02-10 22:35:21,1,"contains-pe,zip,upx",未收录,,,,,,,,
35bf3efba377603483c95379aa64e850b9b10cd3d175a791ade0328a4e90abb9,已收录,44/75,,,,Ransom.Jigsaw 勒索.zip,ZIP,148733,2bfef20f709e5d69d1337796ea4ba78f,fbfa27c1a4bdbd0583a141640359e52393fa8f99,3072:cP3dgJvFIUF1vlQe59Omuwp/L/5/56Tquy28/IfBUKtmbL:cgFz3vSy9OVuLB5X128/IfBUKtq,,2020-02-10 22:35:09,2020-02-10 22:35:09,1,"contains-pe,zip",未收录,,,,,,,,
37d09c5165fe57c9289ce38c61da42b02eb714221b7e9283581ed7dbe419452f,已收录,45/72,,,,=?UTF-8?B?5ruR56i955eF5q+SLnppcA==?=,ZIP,18529661,f22e639287bd1669aaa9ca1cced5f9d5,41921253d68895c8cfcf6436597a7f247b8fc29d,393216:DhEhOm+MYdOOBF85Cx1gobt3ONiVgysbk0P+8N2Xb6fpAXpHSvK:O0yYdHvToiGbDJ2XUmYvK,,2018-05-24 10:17:32,2019-06-20 13:01:36,1,"contains-pe,zip,upx",未收录,,,,,,,,
3d824961e0c0b84fe263c9f6d98e9ff685c8459a7582170197d182ed25d4d080,已收录,47/72,,,,Vortex.Ransomware 勒索.zip,ZIP,218269,c0a568311179af74f3bf0ee1f82fc7b2,cc9a4f66ddb1fe0208d26a3020c1148451e6f79d,3072:fSbzsiDuXR+eAfe8WBCY1uQMNnsnULWLjY0VmHL7C1caEAKXkbpRLIUB9jx1:msBXRPA5XYjMtsnPjBln0kbpBIUL,,2020-02-10 22:36:04,2020-09-19 19:05:37,1,"contains-pe,zip",未收录,,,,,,,,
3ff6ca33df9272d125d6083f6f93d65c38c38cc807ec17e090ac77b948d563e5,已收录,50/74,,,,Ransom.Karo 勒索.zip,ZIP,1013548,265c750d841c22f7cf1e8e696d34cc7a,69ba109df3ea239ab5cfa40b657403123a835023,24576:J0Ogz9XGNyr63mMZUnUUSrBSQRqr8bmAaNSeLQbN57wZs7JK1B+k:JCz9Xj67RvrBBvbmHZs9K1N,,2020-02-10 22:35:11,2020-02-10 22:35:11,1,"contains-pe,zip",未收录,,,,,,,,
40938321d968f2e88c2145cb652d23b92fbffe9814db236caa44776c760bd90d,已收录,38/75,,,,Italian Ransom #Pec2017 勒索.zip,ZIP,47314,394d8d6309c6b65af4cf603526dda30c,192128cf3e4aa23a09a5d28985e150d76b4f3c55,768:zvRl5NdpJQbsGIDJcywtqxMICyLtHprZob3rZh6Dm1Yqz7mGCSCPvQ:z/5/pJQQfJc9wHp/mVz7mfO,T18923F2DAD229EE7BD3B79ECDB94DF68D0060CC7C28430917D6E62113A6AFDC94951281,2020-02-10 22:34:33,2023-07-08 05:13:24,2,"exploit,cve-2019-0199,cve-2017-0199,zip",未收录,,,,,,,,
42236366e84eb22d661bc235d52bc793a1bba8c17af2cfbd8a0bae2b6b566e17,已收录,47/74,,,,数字签名勒索.zip,ZIP,244624,94740fa42ea89b5a602095f529a5913c,cff7c8f00e9731476c81fc90128a373f2add0f08,3072:uFx9gLq6wAw2QLz5JrVtAiA9zapzuPGopxNgM+48VvEssFLGjQ5qtSIwo+ehXJ+P:uf9gLfZEZVOlKKs4mhW+IqtlSe7+uu,,2020-02-10 22:36:14,2020-02-10 22:36:14,1,"contains-pe,zip",未收录,,,,,,,,
4306be65091343ac3a6ea3ac46b705841328c1e3879cf27aa53719aa6dec4285,已收录,45/71,,,,Tilde Ransomware 勒索.zip,ZIP,6039,b91816ccf97c44563193bcb7b552e125,966bd1afcdb9247fe56d5955a4bc38ff5c904049,96:Q54Qb+JjJPWga+YkMkUCi8zE+oUY833ePHIIutZFK5qmr/hvP9kxYNEVT7F+l:Q5Jb+1pz4kMLCDA18oyFK5RndEVNa,,2020-02-10 22:35:57,2020-09-21 21:28:27,1,"contains-pe,zip",未收录,,,,,,,,
4579887e06580c0c1d0744fe274468165e6e9d43bfe476116714a17501d36895,已收录,48/75,,,,Ransom.Cryptolocker 勒索.zip,ZIP,388305,e88dbd2f35f6c7cfb2a3f22dbd95a717,3eb9012975adea2141447a5041978bfc89c1440f,6144:86Biv0LxuwN/pQc5EnB0Cbrvc+VNqeIjhyqyzo5zmeViuA/WD0xY5LKV3G4NIvCm:lFBNRTynTbw+7qHhyxc5zDVVA+DMYr4s,T1528423C186049E83E08ED5B17D82A516929C05E4037EC90A74B73775FB8F8ECDEA62DD,2020-02-10 22:34:56,2023-07-09 03:12:04,2,"nsis,contains-pe,zip",未收录,,,,,,,,
46eb8a5b8846f2b6bc6f55496aaac1ef3ba841f265555abf3e7e8774d9fedc69,已收录,50/74,,,,Ransom_Wadhrama.R023C0DG417 勒索.zip,ZIP,23828,46beea6a08652226f53aeefba5d7eea8,582753d9330b46799575fc96d2ad1dc443382078,384:s43u03Mv8+gkWbLqIx17iD8YeMCVkWKOFmzXzUD9ExI4qxrZ3jrt+l/D0yRjRfvX:s43Z3MvJgkOr1YwJWzIxvxrZ3WwAf/,T144B2F17D1B2C6A2CFA15DFF02CD7B461A1D7676530422A1365E3DD6B74C389523EC520,2020-02-10 22:35:42,2023-07-07 17:16:04,2,"contains-pe,spreader,zip",未收录,,,,,,,,
48d24bbab1a8cac746ac08953b026ac9b703ee0938130f6cdbad72e1c31d7044,已收录,41/74,,,,Radiation.Hell Ransomware 勒索.zip,ZIP,279039,8648387aa9cec853ce1cffdbc3c8aeb6,6dd1e14506bcda0d7ce348bcb84e9309b21995c6,6144:au3Lzm/WdGog1n4zZRNhQqGE3iI8oBe6tJZX1utw4Tg:au33melg1n4z9h1SeMkJVotwb,,2020-02-10 22:34:43,2020-02-10 22:34:43,1,"contains-pe,zip",未收录,,,,,,,,
4b1e357a392da35016ab96a53d24c4f10475d49ffd00f522a91fcff6545a2e7e,已收录,48/75,,,,Ransom (17.06.04) 勒索.zip,ZIP,112656,f5f4cc591e9643360aa94c336b54ca99,129658b914f9c3ab86ed8546db1fbbbe6c1eb81f,3072:kZsfBGNBgbd7pdL+cLwvnKMxNVuFAfzzQYJDi7I4XZXXJ1:kZsf+gbd7zqcL0nbxbuFA3aJXXJ1,,2020-02-10 22:34:45,2020-02-10 22:34:45,1,"contains-pe,zip",未收录,,,,,,,,
4bbfe7aebc161457569368195323d6549c19b173eb38e27937aa2cb0cd44b965,已收录,47/75,,,,Dharma.Ransom 勒索.zip,ZIP,227202,bf3cbef533ef901164e70234816ed39e,27139c821b1f6a4ff414422ae7235bfc3441e944,6144:vCYrgMSzvf5Y+bTPcXKxFjGab9n4OZH9U:tgZblbTUa3jGapn4OZH9U,,2020-02-10 22:34:25,2020-02-10 22:34:25,1,"contains-pe,zip",未收录,,,,,,,,
4e350f6e9f2a703620c596589b5f59a1aa8748cd2965de9f798b46c38254ea2f,已收录,43/74,,,,GlobeImposter 勒索.zip,ZIP,124646,c15812d9c2ccb3dc77836edfe297c793,0710662011d1e9533e4c30539120f9b42e6cc20f,3072:M+ncjxgGp84N98JCgr2xY6U81McRopVyQd6YAJj:DiU4N9zgr2amqi2446YAJj,,2020-02-10 22:34:31,2020-02-10 22:34:31,1,"contains-pe,zip",未收录,,,,,,,,
518480358214db589159af83fbccdd457e5c9f6d4bc6205ca11b258042ed6dc8,已收录,52/75,,,,Ransom.Jaff 勒索.zip,ZIP,50242,c4eb0a7271353596bb98f371e81aa136,9611c0c28855cf90c64afa137569a5eb092983d0,1536:4qtmVbKPHT32/Ywn0nPhNX1/dKl3Lu4mZ5:4qtC2PTIRn05BhdKl3LHmZ5,,2020-02-10 22:35:07,2020-02-10 22:35:07,1,"contains-pe,zip",未收录,,,,,,,,
5276b9491a0946691c459ac228c988b7ea0471e6d43db13383c804a283b08047,已收录,51/75,,,,Ransom_CRYPTEAR.SM 勒索.zip,ZIP,24584,31bd0c6651273a36e2460e7e0e1dc9ab,58672dca8cd6621f3cc13a5a438c3ffb28b7a414,768:uEw6Z8v7hNHzvNzlwOG6SfIF4vQxSTggXE:uys77HzvNJxGLt4xvg0,T1BEB2E063F954B31D4E334DB907B42228BB360EFE3C1BA69A5904752098DB5F9A10EC37,2020-02-10 22:35:36,2023-07-09 15:10:14,2,"contains-pe,zip",未收录,,,,,,,,
54f7edcb849c72c7c8ea43b91250e5d70867cf217bd011b93055afa120d15a6f,已收录,54/75,,,,Ransom.Mole 勒索.zip,ZIP,87594,75b4a0f5a9f58da94e9bf44bbae3fdef,27c3aff290629bc5fead42e443506a81e2db5177,1536:RW27glg6P4bq89eVW1a54D7I2bEeR9WRVr5Qmq9wY4qiUB2z2vD/HgiArIeP2Q53:ELB4bqxW1a54DMA9WKheY3idz2LAiATf,T1CD83121A61BD0C91D498F1C689D4034BF86D1E758D9415A78E829EF309E2B279C7EF33,2020-02-10 22:35:16,2023-07-07 06:24:57,1,"contains-pe,spreader,zip",未收录,,,,,,,,
59a88e5cad936384d73acf9572ac3ec64795ded3c83b32ac48b8c457ea79582d,已收录,50/75,,,,Ransom.Crypt0l0cker 勒索.zip,ZIP,341234,cbdd2294567a54fb519a36df46cbc838,cb26275515928d3f774fdf42c1b4a45ec8349a11,6144:pmgzEHEd/nTcF1sXVNo3aeRavvs9ySG9x75DBoQt9liw3ou42/a4cY0Egn4+wfVi:XE0/nTcLslNo3lRCE9tGj75GQ/cBEMAI,T10E74231B73DBD2E9F73397206DAF02B192E9C885D07D85413819E37D641BEBAB360285,2020-02-10 22:34:55,2023-07-08 09:39:02,2,"nsis,contains-pe,zip",未收录,,,,,,,,
5a0bc2c31b4a0782c75004c276f6680dcca1317dbe2399a768d06794d83d279a,已收录,52/75,,,,Ransomware. Eleta 勒索.zip,ZIP,109028,af51052b0ff31abc6ddaed3da6b4c870,62d53dd79e5d1610707dc96620a6739a8d5f32e7,1536:1aBz+DfoVkne6RGCgdL5CCYZFxpZXcw5ARLGM3p9IWKr3ffCfzN:1/DfoSTd2kCYzxpZXctqWKr3ffc,T16EB312FB07E3058CE54F76E6548C1495EE2B4964FD1262E498A78B900CF7F322B4A783,2020-02-10 22:35:33,2023-07-07 07:21:36,1,"contains-pe,zip",未收录,,,,,,,,
5df11d20ab7bd6f2535067e5b7a21cb6fc4b7c7bf0cb1cfc6b451367ccae5da7,已收录,54/75,,,,Ransom.Petya (DLL)勒索.zip,ZIP,314907,6107cf00960c1c52abaff5859addbf31,b8d5dcae8c7c92044d85ee8a16e94a17088ba560,6144:goEW80OxtUGiN3VFNa7pCI9OqdoK38b3nitrdQIjxqDxGMiQ:gIrG7wI9OqdoK3u3gdQInFQ,T1BC6423B4E0EA8E57C158492AE9C6F88CA07D50361694344209B2FB479EAB77F73750F3,2020-02-10 22:35:19,2023-07-18 09:44:37,2,"contains-pe,cve-2017-0147,exploit,zip",未收录,,,,,,,,
61a0ef09f6fdb9b4d20b2b5e02bef6d5fe24b215d5cbaf7cd7e356ee9126a3a8,已收录,49/74,,,,GandCrab v2 勒索.zip,ZIP,86713,30d64eb6c60027bda4117576d3cd4e05,352fed9bc33483f3cff841fe42bdc8e21abfea73,1536:yUretCdBmLtuSb7d9j5v8O0JLA/gPFunpEomveXzKYNgQ9cwL+UReZYzw:yfy0tuSb3jcJLAIFuuXGdakyKw,,2020-02-10 22:34:29,2020-08-10 17:06:47,1,"contains-pe,zip",未收录,,,,,,,,
661ac4b4a68f93920ec967148d6b48bc5fdc2d20d672ed72ab5fd923e3b3facf,已收录,53/75,,,,Ransom.Hermes 2.0 勒索.zip,ZIP,422355,cba90213e43a2aaa0ab37cb150d7164d,448ddee4e2681a87984e60fd9a83553ba08fcf83,12288:P6ANK9tpCnFf4Ab1Ofje2DW5wXDqu3V1Kx:C77KrOjDWWDp3bKx,T11894235422A4C3C4AA2B51715244415E2C9EC387B6C823FF6724E13B88EBFB656B187F,2020-02-10 22:35:05,2023-07-07 15:22:06,2,"contains-pe,spreader,zip",未收录,,,,,,,,
696a971f31a94211807e35560fcd34bde565e13404aac4c16dee3a5840123e06,已收录,56/74,,,,Ransom.crowti 勒索.zip,ZIP,427319,529bd776d5a034d7eea7e6dc0c2a434e,3894f9605da714abb4dc16357e76c36afdf99e76,12288:AXZWhln9sqM47OJarBFEolh/n9+qM+7Ox7VJ:AXmlnYaTx/nCf,T1C6942298653CA4BC716F397C28B11CCD1680D1A2F5F7B5A83B0AEC4B249E14B07E8D79,2020-02-10 22:34:54,2023-07-13 02:22:32,1,"contains-pe,spreader,zip",未收录,,,,,,,,
72a73fc5ad1b1ee0b11286f672a7c7dca7834e5149a47a9295f81b6faf09641e,已收录,43/72,,,,WZLS.zip,ZIP,786669,5538085c9d53bc0c8d3806d50cec7537,c1a700efe88a9989e3fe7c0bbfdc3a6d6dafdaf7,12288:5CT/BoM5o3Vvd3ylrr2G2pv+RTyVIjHGyzRlRx6k9PHvVgS1kKRbI6jX8YgFpOES:5cSM56ZyMGzOytlOk9HVB17+o83pP5W,,2018-08-16 14:31:14,2019-06-20 13:00:58,2,"contains-pe,zip",未收录,,,,,,,,
7312a6cfd8085844f958da8b716d1ded9b04e81037a01e5d3a1d39f4918ab1b2,已收录,46/75,,,,GPGQwerty 勒索.zip,ZIP,299006,5ef1ed48966d5da1e201b51b6f2e6357,76d3cb8eeec8e665b7e5eb6e20e4a3e9661ca366,6144:FrRpkl2PugktzuDkOHv6KB4bGTrwW3SYUtfQyBHGKNnZ:HpdMzujPzVwbS6GOnZ,T1FD5413A25F6FD0776A72396734A40F458C27FFC6D032E11A11AB0A124A53D1FC9C6EA2,2020-02-10 22:34:32,2023-07-07 12:39:46,1,"contains-pe,zip",未收录,,,,,,,,
7580532be2f1215f83574f14d14a939988a54516f9617c7b2f1cc6bcde1fea72,已收录,54/75,,,,Sage.Ransom 勒索.zip,ZIP,190038,ba0dc3b91fff1439b15ebc02937bfcd8,1deced193e0a9dbfe346342971cc16ed3b3a5917,3072:j1Gu4ZJRrVAI5F3hVMi1FZCgo7o1VOUEG7ZsntNRl5X6Hb2yTAd4C2L6+QiUn98r:ZSZJBiI5FbMi1FS7o131st2yx/2L6r8r,T14404221CAA9A3555280701FB0C62B9FBFC459D3DFAF18ED22D114A13CB2E86C5D94AD3,2020-02-10 22:35:53,2023-07-09 11:38:06,2,"contains-pe,zip",已收录,10/17,Trojan/Win32.Agent,COMPRESS,ba0dc3b91fff1439b15ebc02937bfcd8_7580532be2f1215f83574f14d14a939988a54516f9617c7b2f1cc6bcde1fea72,190038,no,,
75def9a166a07e9cb7531466f099da040c245dcb468dbeaaf14fc13a52a13007,已收录,44/72,,,,,ZIP,343801,0969b38c2324ab2764ba5afbfedf47bf,ece12a460abc211c3a12e48f30504d5c92e6847e,6144:7XwaAtHwyuJBYw/dwohHTMTeZ559J7zr1me9apNC6nEg1UEQB:LwZtHwvdwoiTeZX/XMJBR1UE4,,2019-05-09 02:11:03,2019-05-09 02:11:03,1,"contains-pe,zip",未收录,,,,,,,,
77d090228039c131fd887e1e90dab15e0777f6da933eae4226cdfc63ba6da22a,已收录,51/75,,,,SAGE 2.2 Ransomware 勒索.zip,ZIP,275037,f782d1f191f51ba8cff781c9076df7a6,e69dd2ab19a06e05681ccf9716efb772f220bf84,6144:d1EHU9jwleMaoFco4iGZgStRfQGKdVVgMwaDIvE0qV8A:d1YmloFbPhStRfudYdaDGtqSA,T15344231C5887CE0F9E9467E3B319EAB21C6D37B851D6E922E1467E403764E04C0BBA73,2020-02-10 22:35:50,2023-07-07 13:43:50,1,"contains-pe,zip",未收录,,,,,,,,
7aa93bcb15f261644e642e51f51621ffdbd939a0a13f1ebd6b83eb5e64bd3185,已收录,37/69,,,,=?UTF-8?B?UmFuc29tLkZyb3pyTG9jayDli5LntKIuemlw?=,ZIP,747319,928095df725c955d83c5ec2faf483ccb,d4a2d9dbc8ca63d07622ea230ecdfd72b1f8cac1,12288:fJFxYA78oxpcSl5UA9+06xmt2x33X0tJ1FP8Dwzw35SzmNsxY4keDrhxxAKOx450:xFx378oxpPl5ULwo6tJqcwJSqextkYhC,,2018-08-16 14:23:20,2019-06-20 12:57:45,1,"contains-pe,zip",未收录,,,,,,,,
7cb29e410ec18c750cd35f28323c3f2fccd17f069c127b28c54232aa4e05b76c,已收录,48/75,,,,国产MBR逻辑锁.zip,ZIP,432986,87ce39a60955769b20b3fa7eef6dab60,6e3f4b4a5a27ddebe3665c2e9f80417838f4b153,6144:QmVzBos1IorcKt85+P+IExngyMkpiM6ysbZNWEIlD4Fz6V85U58h2uvGVVTos:JVVoWb85I+VMkpi/yDRDQBUg5GV7,T12D942339716A4A9AEFD994F8381A38E8B91144E3ED0EC8389D510165AD0F0DB3DD4DB7,2020-02-10 22:36:13,2023-07-07 14:43:55,1,"contains-pe,zip",未收录,,,,,,,,
85eada39d1233dd2bfa5d852a6bb60e4282c26ab3e34b2b90c17a2d45a17ae7b,已收录,46/75,,,,Ransom.BitKangoroo 勒索.zip,ZIP,269295,89622dc096eb5bc1a38df74a1988d2b7,a631cbbb019aef2eef869bcc37b38339597a8c75,6144:fNdb1LKggJqf57lwYRk2Rq+LlWZawTFE38H8b9Npd:zb1LmJq5lwYBJWZaKEMEpd,T1BF442377FD1524DB93F9D099CBA8778A0A823E1381D5CB40B76B5DC809E07D672872B8,2020-02-10 22:34:49,2023-07-13 04:45:42,1,"contains-pe,zip",未收录,,,,,,,,
8bf78b67fc1d927ffba5b7d138be18953791fbc89d718117c45744fb7bd8ed9c,已收录,46/75,,,,Trojan.MSIL.Bladabindi .勒索.zip,ZIP,588322,760dc5fe4cd913822f196dcd0b082de2,e559a94b21856f3df38553213453e16e52853156,12288:j8ClKqJ14l1m3GS5kuioxVAZONa4au0dtD+oTNI6ejF4:DN34wGe7iMA05au0XDTbeh4,T1C3C423A3F1E25172C780B438E19CA07D567E49DA9B30F3A992A8911EE58F7F15FD8C40,2020-02-10 22:36:00,2023-07-13 09:07:13,1,"contains-pe,zip",未收录,,,,,,,,
8c212781618d665ac0ec87ba0ee416026bf8d4275161169b119ce1cc1108d049,已收录,45/71,,,,Trojan  MSIL-Upadter.A 木马.zip,ZIP,746111,dd29924b5644121345170b490ae8d0f4,2d0c4642b5e7d069984cdac96aabe84531cadcf3,12288:rTm9+3eD8ECU51P0LDRFqvu4I5Hh7UIRuT0vFcSN4aCQUe72tDXMF31sMeADywX2:m9+3evCUj0DRFq85B7RuT0qSzMtYsMDy,,2020-02-10 22:35:59,2020-09-22 10:49:44,1,"contains-pe,zip",未收录,,,,,,,,
92c14f687f314149cc982a9403514c0d2a34fae0465c14785fd8b64967436e65,已收录,40/75,,,,Ransomware. Nemucod 勒索.zip,ZIP,1346,1836189329f534f631f1af819aed6bd6,a8c06eed4ad97ce0993c94d92eaeccc48f7b5c80,24:9MiEwDoS9bLjQoWJZeBTstTLUdZ8OBSiGpRopHGtlgMaiX:9MRioSFj5cIiUzzBSaHGtlg34,T11B21C8613F381618CB37157E24DA61FCF130984C22BD6DED97C8D8C5080EA347B9B948,2020-02-10 22:35:34,2023-07-13 13:29:05,1,zip,未收录,,,,,,,,
947aad018d92cec55cf0b81cef5d3414d5e835fcfbb45ca983993b0c84d67a77,已收录,36/75,,,,RansomBlue Eagle.zip,ZIP,175419,ec5e37f35ca9794d0efa4f6cca0eacea,aa987bedecd7665383745d7b517e20cf2afee9c5,3072:xczp1LJ6QkNd2ofMqGGl4J+d5YapvOkj1er7BA49nHB2pyzpTmB5bc1D9PXCuxn:xczfoQQUofMhGqJ05Y2T1SA03yiPCuxn,,2019-07-08 22:01:25,2020-06-06 09:29:16,18,"contains-pe,zip",未收录,,,,,,,,
969c431138d8ac1e00ef35e9adc1522ce4cc6033bdd70463b583313b2bebaa58,已收录,45/74,,,,Ransom.FenixLocker 勒索.zip,ZIP,230364,69ccd8c9327e324a09aa239a42f0fec6,fca865b422016e3871abff81800b000ae509a15f,6144:1aEqUWxNEEwaVvqm4pdv54hpeC5/tL41m3c+xBQb9:1aEqUyFb4pr4hprZJ3cV,T1E63423559983AE66C14837B8E09C89B975C356424CF24847CF06E4F2DF3EE731AA2339,2020-02-10 22:35:00,2023-07-13 15:45:04,2,"contains-pe,zip",未收录,,,,,,,,
9b3b64ea5859eb7acdf0f22de379e8228c8c1c1f0400a5adba4b23c2dc585905,已收录,51/75,,,,Ransom.Cerber 勒索(1).zip,ZIP,291023,a5488a3f21c4df452eae7534e5868d92,9b2bb341167a9e4dafd8f4a0caaab8e92163e7ec,6144:kpIFef7iTJn4PP3gOHXulcpmHZvycHfuM0sk8PWWt5//DYKzjYi6zprMaxe:YXfmTJno5elcSph/o5QWqFjYlpbe,T15B5413585D4B60C2E8CC5090C59B7EA8F2998CEB0019AB897DC2DDE8D41BED23D7476F,2020-02-10 22:34:51,2023-07-12 05:31:29,2,"contains-pe,spreader,zip",未收录,,,,,,,,
9e064fbd0797f5ae45878743c86ff4fc523b4bae8f8e8ddf59a70e7344a13415,已收录,48/74,,,,FRSLS.zip,ZIP,207454,7c173943a32a60dc602c02b15c3d6352,f863428c12dc308ad64c6a324de620db2149cc3e,3072:4XEBlFAZA+alRAizi8tyCVBUTGSn4quBOM9xmoLWmReuubcfltrgGc31gUhIF:3FIgAUty8UTGcO1JLW4f8cfvc3tC,T13214127E019C8AB4D895B933B935D9E150D2A1ED336006963B7C2FFF09FB299784490B,2020-02-10 22:34:27,2023-07-11 23:39:04,2,"contains-pe,zip",未收录,,,,,,,,
9e56e25cafcf41b912846e2a54ab88b5cae0915774be3eb70e3b9ba873302b63,已收录,47/74,,,,CryptoShield.Ransom 勒索.zip,ZIP,68326,db408815aab9d2283519a88ea58f71b0,b2b52cad2d98cee4ca347713f0f7b7593440537c,1536:XojBgtIiuyGjsiNPK8q0jNMFtuDvWsSylVdQMCaqGWCoAk7y5Qr7H:XotgtjGjK0utuDvHSsVsaaQd8,T1706301EBAF257BD5701E44B612CC8EF08C2DA27687851838108464F97FAB621D18F67F,2020-02-10 22:34:20,2023-07-12 21:08:07,2,"contains-pe,spreader,zip",未收录,,,,,,,,
9f6953e15646e65f2e632a684457783c71f2d2b709fc9ea51c95ad82220493f2,已收录,40/74,,,,Ransom.Troldesh 勒索.zip,ZIP,961795,edec30d2b3af8adf68d56a2476401106,410843c89c43fd7326f05faf591fc82fb0f45b1c,24576:S9s1E41cFl6rC6ID++UfEYYSi/4ENAA5VjB:FuEcFl6rz1GtKA5hB,T10B1533024397229B87D1D6ECE777A1F74CB931600211ABD18A46E3B9737E95CEB10ADC,2020-02-10 22:35:27,2023-07-12 00:41:47,1,"nsis,contains-pe,zip",未收录,,,,,,,,
a06c81622b76aac34567ec30d3bcc5f3c92d49d61a945ff0f524ab8f5baca63e,已收录,49/75,,,,CryptoWire Ransomware 勒索.zip,ZIP,396727,8729e2dc9bcdecfbd6423adfcdb7f3c8,8e61721491e8811801369b9c680484a8b62160a0,6144:ECq8BomFu6KfAVhUFw+oAYI3a3j+MjLtnLPOFxXFSv+VQgW5T3DJtIgXNI3:rbBQRfyhU/a3nj9GFFax5/JtIoM,T1A48423E551A53C96243BDC35BD08D49C2F3CFFA75A8900C1E052A8BAC52A6F46674BB1,2020-02-10 22:34:21,2023-07-12 01:28:13,1,"contains-pe,zip,upx",已收录,6/9,Trojan/Win32.Rapid.a[Ransom],COMPRESS,CryptoWire Ransomware 勒索.zip,396727,no,,
a63c5b29d62a638f364b8700a978993e43f7438cabe38b46e5721080d28489cf,已收录,53/75,,,,Ransomware #.wlu 勒索.zip,ZIP,124365,475f2e64032ebe4b8f6b8389065b00e5,db12abe375686c4634193526ebfc6c3e35aed4d3,3072:Pwq1nLoTc6F3fQhEvT/Kest1hvB7OHI2q4FCp+7U3U/m:oqZLoTTF3fpvzorOTFCp+W,T19AC3121336288CB74BDB2154CC0C5759AB1AB1E7CF90F05256E4DEF9A7482BAAD17603,2020-02-10 22:35:32,2023-07-12 04:18:46,1,"contains-pe,zip",未收录,,,,,,,,
a70733d3457df83dac603a75e57feac6494caaf7fc8921372d65995db229d2dd,已收录,44/74,,,,GandCrab 勒索.zip,ZIP,143506,7484ec0e1331cd121e63ce6bc540a78f,e9581576da0bcc195db2975b37646c2fd1b3fcf3,3072:57IuwVX1Z0q8R8PtM7JARKcFw400io4eY+ykU02dkM1CNZm4kOPmlwQ:GVXH0qjP1RKxeUkU02Otk0Q,,2020-02-10 22:34:29,2020-02-10 22:34:29,2,"contains-pe,zip",已收录,11/14,Trojan/Win32.Kryptik.ghvw,COMPRESS,7484ec0e1331cd121e63ce6bc540a78f_7484ec0e1331cd121e63ce6bc540a78f,143506,no,,
a8b5cb8a9806a5a460d634d1bc785041bfddd8aaf069ca6083a1adee9c57ee12,已收录,40/73,,,,Ransom.Xdata 勒索.zip,ZIP,139709,7dbe4c3067287fb60d883a8a76dc9ef5,ca2e88e39fb38b5dc07108c36f9ea026424c9bf9,3072:9wga+i0pNHlZoTouS941NmJIltipQKalLVvOM5y4DAz8K6AAMB:9wgJlqo92ltDK6LooxgHF,,2020-02-10 22:35:30,2020-02-10 22:35:30,1,"contains-pe,zip",未收录,,,,,,,,
ac268551506d3c5e37880598a6f06470bc3f2a9fd870320dc062e9c785a9142f,已收录,40/72,,,,,ZIP,131888,667ac6ecc7bab04e29dcad03560f5804,f18028d752a73a87da4219f8f1a7a8a84f19c065,3072:nCrvKZw6isjuWVPFNIU2UV3h87SB20FsUvQsv7R3FxmW0o+1Ap:EvujuWVFVR8eQEsUIsdbmG+Y,,2019-05-15 04:25:57,2019-05-15 04:25:57,1,"contains-pe,zip",未收录,,,,,,,,
ad081ebfa1a356122a61bfdf153c81d3c303eb6a85d1570d0fd2274bc32092b0,已收录,45/72,,,,,ZIP,260343,42eb9d0d85c487b329f7701393cc4fdf,81845ea19ae73c8eeb634554a9902107f12f2cdc,6144:hXA2zp3SxiYqG7BRmSyWIweJ3hk7i5bqf/N9W44XL6185gl0:PzpicG7BRmYihYuB44Xuqyu,,2018-09-19 03:45:45,2019-06-20 12:57:07,1,"contains-pe,zip",未收录,,,,,,,,
ad886c73ae4ff4e6ab2ea50be01e90cf12d93cef9014a61a0a5c01dc0399905c,已收录,55/75,,,,Ransom_HPCERBER.SMONT2 勒索.zip,ZIP,199433,7b9490dc29b6882ccc12eb196fc3edb8,dbda6753b4783dbc7b6745c788f294f8fca51bd6,6144:1jFTCVh02wYeY5nSi3Uni7xrMev42MSzW7T8aPi+:BFT+0TY5n+Q9PTMd9f,T13E14124174C9033F88E18B79CFEB43726E8CB1855C4ADB7762929A174F5E1A082937E9,2020-02-10 22:35:42,2023-07-12 07:24:07,1,"contains-pe,spreader,zip",未收录,,,,,,,,
b06c997d69e074c3907cdea3b3d9fead2222ca07e4a13bdd86bf2872b3ef7e5f,已收录,47/75,trojan.cerber/zerber,trojan,cerber,2016-12-30-pseudoDarkleech-Rig-V-payload-Cerber 勒索.zip,ZIP,274996,3abe41d35dc95d473c0497d843446ed4,9c318bd957386609ac97dbab3b3ae233973f65e0,3072:yZ54kNeNqaDN7MoVR64Bmagvdtr1F1IJ1GYLOlqKlCn0vh6a4RQS97/n4641V9hh:yjhBaaoz62ma2X1FQsflfnlu46eLbfD,T12F442395FB4CFB2B0064B2405F3074FF2AE91144BA52D6E6D9BA35EFD935B0C044AB92,2020-02-10 22:34:15,2026-09-29 19:51:55,4,"nsis,zip,contains-pe",未收录,,,,,,,,
b2ab1f02e09846f75e056ac514fce59083ed4ca7a28dfff4440e849a285d5783,已收录,26/74,,,,Ransom.unlckr 勒索.zip,ZIP,945598,6c1586801cea774c012038ff80d78d9c,5b45796f773e317af73490c6ffbbc743226d5674,24576:QUaI3gmHI08kvAEaeIj0DYozq1nx1we0g4+yYqFgyNy8PbL:BaIQsVAEaeIYJQ0FlSyNy8P,T1181523ADD6BF06B5FDF648703D23B39774F29A24D765E04C97A15091AE9B60B0200A3F,2020-02-10 22:35:29,2023-07-12 09:39:03,1,zip,未收录,,,,,,,,
b4500c38060def75a26461108404f039a445da433bc2ee886cdd4472e1195585,已收录,46/74,,,,MBR硬盘锁.zip,ZIP,589246,1782183a4876346d6025b981510cdded,f095b481f57d13c97259ed936012183fae9a870f,12288:D4DpypofRwMrM3V/P3pReT3VJK6Zi4BqaHIV1H46E:Dvp6Rs3VqJbQPAIV1Y6E,T13BC4236C92624F773959089AF07618E7A368163D28F8B3F84D3484A3DF57BEE64006D7,2020-02-10 22:34:37,2023-07-12 10:20:33,1,"contains-pe,zip",未收录,,,,,,,,
b5918243d64ed910e9c00440a6db78a4191a352777891258cff051a25659d324,已收录,46/74,,,,SilentSpring 勒索.zip,ZIP,807966,3fe26bbc497790ab8a714ff5a514affa,64669c54af324d3c1b03458b57fdb5715abce049,12288:Ws42ROclQrL/j8+3+xOa5Y2toHZWXB1TLDO+TwcBKefz+I0zlxd7z8z4Y:/4zWaL/Q+3MVoHgbTPO366Er,T170052324CA88781669F5DECDDA35CAF3C4C3B4B59D1E256C67E2DCC358DAE04288328D,2020-02-10 22:35:56,2023-07-12 10:59:22,1,"contains-pe,zip",未收录,,,,,,,,
b8325f18903571eb7e0b78e9c28e66a8f72d3a8ef1cfe8fac090fd8963b49290,已收录,51/75,,,,Ransom_CRYPAURA 勒索.zip,ZIP,243225,38309103b7d12a83faa398dc174dd6b8,8244bcd213638f6d5de262ca3506d972e1689404,6144:n/KiKa9QQHYZKY2s31XWtvK3CZPi2IG8nEZDc2s4x8XAP:nSpactr1GtKyZPOeZDcMSXAP,,2020-02-10 22:35:35,2020-02-10 22:35:35,1,"contains-pe,zip",未收录,,,,,,,,
b8ec372224ba39719251a16d63720168a38cd029f8460f4e8276863f5a4b14e9,已收录,32/71,,,,=?UTF-8?B?cXHnm5flj7fmnKjpqawuemlw?=,ZIP,10526550,0ce83bbc5b06faffc185caea00798fe2,5d79ce9b6d552bb6ef9d0bb8e630dbc4b166ecd2,196608:68n1LbXUOevuqTO+MTZekneDdoGZ/ZEgTzJkE5cKycKr9PmAhqbq9r:68nZhYuq6+M9ekneDdNfzqE5uhqO9r,,2018-05-24 10:38:34,2019-09-30 14:02:00,3,"contains-pe,zip",未收录,,,,,,,,
bab83af2d2a42023cfe0b626d18cf09884eee2be0f6c52fe869eee5a76fd5099,已收录,44/66,,,,,ZIP,196442,cab4bb50826b2c50db0a744e4f675619,85a9917867384c61f3720b6973854da686364b72,3072:1iEu35MrwMVSPDCDwPAANJjv0glLTPeuLk/NZgqBZY5Oxt6WCqC8YrOstlc6rt:1inirwMVSPmDDajc8LreuLk/vjZYE6Su,,2019-04-15 06:24:20,2019-04-15 06:24:20,1,"contains-pe,zip",已收录,10/17,Trojan/Win32.Kryptik.geoe,COMPRESS,cab4bb50826b2c50db0a744e4f675619_cab4bb50826b2c50db0a744e4f675619,196442,no,,
c3e54c75fc52c054910e77e6f18715efe5d652d54894ddf1264a0547b60f55be,已收录,52/74,,,,Ransom.Cerber#2 勒索.zip,ZIP,419627,ac6991caccaba3922c1721d1b87687a9,15dd2aea4d98152afef62738c98e63a0a76162e8,6144:/QqgZCGM1tjQTjeformVB4uSoEpJ976NElKWjoiWHa+Uob5kkIaWyXlMlZvrIt:RGMXmryBlyJ9rlRrWHhNk6X454,T1C49423693E2A745C22E7D57D21C3260CA8AAF4EDE16CF319E35D3ECA4B7BAC15044319,2020-02-10 22:34:52,2023-07-13 21:09:30,2,"contains-pe,spreader,zip",未收录,,,,,,,,
ca9470da7639559e1a75d7533331ecd1ee7f1ddff4db02d04fb95800868a3dca,已收录,41/74,,,,Ransom (17.06.05) 勒索.zip,ZIP,37155,2019859c359bb4d9c9c7a424ea63cdaf,dc3d35b9d54ca59c8505d5a08054070d8d04227c,768:h9kC8PGD3toOmFsk0TJOmoVv5Y2kUfRzkH+NN1fYO0rglEZTNtXRr:h9krkoOmFp0TrixxpzkCfYO8tX5,,2020-02-10 22:34:46,2020-02-10 22:34:46,1,"contains-pe,zip",未收录,,,,,,,,
cf7ae6b489b1fc03bdff7d97984ec45ef26fd4febc003cde92e4d3c059025d39,已收录,50/71,,,,virussign.com_b355d1adec1c29bf39c1d7f564d30cf0.vir,ZIP,134093,b355d1adec1c29bf39c1d7f564d30cf0,06cf01880b1ee68f7c1988110d686605ac95a3cd,3072:kC8pS/hIGuDo7XVqBqByL8928j49tFIMWbvCxWr0wifH5zIOKpyu7:USqGuE7Q0i8g8U9tFI5bvpZifHdIcu7,,2019-01-01 02:47:27,2019-10-01 08:26:29,4,"contains-pe,zip",未收录,,,,,,,,
d00962f02cc077069382634554d5c3bbd6abd7081fc64e02d8d177cdb24fa886,已收录,49/74,,,,Ransom.Locky 勒索.zip,ZIP,528744,40b004527605e503b263b4039de78460,dcb0d9186795f752ba942bd6208370466e3a8224,12288:OXjKE+Nd8iJ9nENVEZqSIxAgnXszCAP8gVXh4oa7yoimWoj8e:OTbKD9nuVEyXV0l71mWo/,,2020-02-10 22:35:12,2020-02-10 22:35:12,1,"contains-pe,zip",未收录,,,,,,,,
d20e60c7a53e985e4f1b9da7ba06250c19c2ba0ba5c366429088c91b9cca3e89,已收录,22/69,,,,=?UTF-8?B?UVHpkpPpsbwuemlw?=,ZIP,3688818,5fba2fae765e786e93d80b8541640e74,e682a349fcc4f8766f9cbed2dcdc8780ac558611,98304:b+6PbpmHc78+0HzCo8v+682fIcIRuiKpWDB+Tv26yydg9vQ:Xkc7W+n+F2QuWqv26yqv,,2018-05-24 10:33:42,2018-05-24 10:33:42,1,"contains-pe,zip,upx",未收录,,,,,,,,
d331cbc0fa7937dcd3ac1ef0aa1ad3f8d6fd0dc6b2a42841500f4fec38e9b815,已收录,46/72,,,,=?UTF-8?B?QVNOMS5SYW5zb213YXJlIOWLkue0oi56aXA=?=,ZIP,192594,5b21cf7049e2d9a268e02b4d167a01ce,70acad4a6274ba07b2cd3214edfae35a1eac654b,3072:1HY0TmG9F6kPhiaEvlYb5Egbzch4pgofXzX92dnnG4WdWdO/I8M88I4O2PT21mYo:140cBaEqbS3exXqjSM8tHA2/0hNhR,,2019-10-09 14:20:41,2019-10-09 14:20:41,1,"contains-pe,zip",未收录,,,,,,,,
d447b7c72ee478f747a3369a928ff51c36edcb4a0bab4ff0ae5b02a2f3b92a14,已收录,48/75,,,,Ransom_EGLUELOCKER.C 勒索.zip,ZIP,1456397,917bb01b9019fa5fbb1163ad3114fb94,4e49cd66bdcdad9d94eaf84a09a8c9ee45a2b0ce,24576:BNb4i03OgdaLwJOH1ZEp+KXWU3ZsrzBSxJYftgdiJR6YFcrWExY:BRI/dasOVdK28JYfCKcnxY,T18165331966EDAF4CF12CBEF056FD94F0E44739742816805C4E1BEEA8681F69E88DD00B,2020-02-10 22:35:40,2023-07-22 09:51:24,1,"contains-pe,zip",未收录,,,,,,,,
d4a2a8ff4c30e42c6e0df15ab0e4ab4ca9aef10ecc06a84e8845fcfe5ae66483,已收录,57/75,,,,锁机.zip,ZIP,5524157,06f41198c7e9488a8cc411d2a189220e,a35a16b58257d14f2796958a383f0475dc09cbb1,98304:4C9z0SN0tjMOoxtLsL8zHXDDeWB571h1LUlNd9RngZqA8o+doejO2NU1:4+zHnJHfeWB5Z3YlT9VgwASBjOV,T16746339426AC26D1E495B08C233C90CB78972E22B9DCCFC6F1D6CA835F627359D149ED,2020-02-10 22:36:24,2023-07-22 10:34:29,3,"contains-pe,spreader,zip,upx",未收录,,,,,,,,
d78f8ea16f160bf07feedf293094a183d44a508ccfcaa6c1c9a6f1820834cf4b,已收录,53/75,trojan.gandcrab/chapak,trojan,gandcrab,2018-04-14-GandCrab-ransomware勒索.zip,ZIP,183060,4c75f4f36477778f36d168018bb0e092,830c515254fecc842296c2daf199bd49929aea37,3072:Uwodi86CSaEa9mvDamSiQZW9h8iw63V0u344MaMrqcNINoVYV+q:UNi86CqcmvPSd8weA4JMrqc2RV+q,T18D0423AFF9E2F448D80F621C48E323679387FA79D9199F84048C67941225697BFB431B,2019-10-09 14:05:25,2026-09-29 19:56:44,3,"spreader,contains-pe,zip",未收录,,,,,,,,
e3098990b6bbc797d256607984dbc9ba80252ffdac540af4b0942fd4a22d649d,已收录,46/69,,,,伪Excel WannaCrypt 勒索的变种 .zip,ZIP,4496057,87a167db1bc744b6de2f7f93cb86bb2a,a3e475a2de4648a5c6422b08ac7967e1e0d024f6,98304:4SJTboiUCZ1IWNdXQh1pqh0CETJi2oSpmAmDu9Tcm:VJwiHOps+U2otvuym,,2018-05-24 10:07:11,2019-10-01 10:44:04,9,"contains-pe,zip",未收录,,,,,,,,
e6127afa0f5cd27fcca13e7aafa0871e57af0da135890009c7bcffd03e3af20a,已收录,40/74,,,,Cypher 勒索.zip,ZIP,1544621,0e8aca79e8095c2ae72ce1761f8fe5d9,3c7dddfbb256c9cc9eccfa4e585eac7575ca8879,24576:nGmG8PtXBVwRNc4GsSFQ+lm+ct92snr+ffiYvIShwOAyYws/N3XqvWdzCWFZ77dL:GyBVwQLppAj9hnr+ffiYvISVAyYweXq4,,2020-02-10 22:34:24,2020-02-10 22:34:24,2,"contains-pe,zip,upx",未收录,,,,,,,,
e663bc71ba6fc8f0d05c0a4cb9feb60fea8402957c9586c1ed1d51b575181fd6,已收录,52/75,,,,Ransom.EW.gen 勒索.zip,ZIP,208101,dd17f865e2e4a54ae3604a7e4a98b0cc,a4c99699ceb81957b2635c84a065b2d4e42412f8,3072:p2ImYz9i7AojJLhZ3oIahhe9kRWxz1+ZlQZh5hJBmztBA5/JTLloQQtBJ9A6RZCv:pPmii3JLU1GEWxzEah5hJBmm/LBmhCv,T1A01413E8395A5002D5CAB6ACB8574E681733196098B18FE01BE97FDFFDE30A704B8545,2020-02-10 22:34:59,2023-07-26 14:44:14,2,"contains-pe,spreader,zip",未收录,,,,,,,,
e79d16390456ef556a0b1b9f4967cc8ecf193edeea89937e79ca97ec44374f67,已收录,44/75,,,,Neighbur Readiness 勒索.zip,ZIP,280260,a4a58d8a0a6e5b65b09e787a520fc2d0,c7cc30c20188812e28fbf42374a0e964816bb4d8,6144:ZceccX8+XAmOFmQ5vDZnEITU1J5XP5tSLvWuVmCyegYzB4:ZcdcxwmAmQ5vFnElfuVmCytYG,T186542280DAB146D8B729C92697917D1373CC40CF68915A5CEB2374BDACDBF578B0228B,2020-02-10 22:34:38,2023-07-24 08:08:23,4,"contains-pe,spreader,zip",未收录,,,,,,,,
e95b196f8d8ec0cc58b1c4b4e4770da278b8044c6fdfd7946fb192141393197a,已收录,48/75,,,,Ransom.Gomme 勒索.zip,ZIP,6512,d988eae27af6d7e96945afd98f60a4a3,1d3be77b8200357b10ba14f3c98cc6f336afaae7,96:7RZKN9SMKWj4IqcXJAcH3n5sAO2s0JY66HozJvfLzzlJeGOfPgljGi0s:7O95KqXScXn59O2JJaIz97nsY0s,T198D18ED3844E0784C38EC7BAEAED12D9275E4F0C05A3914047BEF3514B92C63BCE2668,2020-02-10 22:35:02,2023-08-09 11:16:45,2,"contains-pe,zip",未收录,,,,,,,,
e9b77c2e70c73893a5df4d2b4896f851bbb46aab4759d9eedc9f0e14cef4104a,已收录,49/75,,,,Ransom.Serpent 勒索.zip,ZIP,464871,ddedcca18dfd745c4ace6d67092b2478,5609d8f67c7d571c404fd66bac63e8183e8bdc93,12288:wyODL1NfVZn1C60p8ZF8y0/N/RFrk1tk9ABcgeSrGhwNtfJmhTPA:+Dthktp8FP0/NJ90CAKgeSrGhGxr,T12FA423F27F38E3A9B6E62A2D26C105D6C0F61F723193A637EE41F21127615D1B827271,2020-02-10 22:35:24,2023-08-09 03:47:06,2,"contains-pe,spreader,zip",未收录,,,,,,,,
ea45420cebaa19753d4a1f743bb64e5cef6b660e7bfa5a775d2d15f62c46672a,已收录,48/75,,,,JobCrypter.Ransom 勒索.zip,ZIP,428125,16970b8f29f06aeb95695e230d01e5b9,4089eccb95e618725154039adac644acdc8768e2,12288:1UUsv0PeY6yyUJpCdEYfTvyrWxd2ZSDV0atBYS0:1UUIM9TyK4EyTvvH2ZYYV,T16E94238F24AB675D69ECB608D72032B426252085563E75280772178BB67FECBF10F9C7,2020-02-10 22:34:35,2023-07-28 14:29:42,2,"contains-pe,zip",未收录,,,,,,,,
ed86f6f28cfebcb42c44b7f26271ac8d10b24816459e330627d645cec1714f12,已收录,0/69,,,,RuntimeBroker 勒索.zip,ZIP,39021,4ede152bc6b316a1b1a26b1b6b1f8a21,5dabf9a55d892b2cf6c3f6ef7ef298ca02aa839a,768:HyWP+hTSLl/NEC/BiB63w6D4OCX08cTZuMYq4amSibPvH0B6TaMxNryjyS:XPNL/v/l3x4OCXYZ1YqibPvUUaWRS,,2018-08-16 14:29:38,2018-08-16 14:29:38,2,"contains-pe,zip",未收录,,,,,,,,
ef719dbc487545d77a9360c6430636062cc89392e631865de6b69403c425486b,已收录,52/75,,,,Ransom.Locky.B 勒索.zip,ZIP,528834,2ed52f5358755538699a836233728a62,e2a7f83142d51180a3075dbc8b9e165e31513538,12288:tMfjbMSadbS35d3mZ9rIqnQ3miBQ3+OCeGuDAMcfIP26VnzIxs:SfjDakXSrIEQ2iaOOCVuDAvmDVnzI+,,2020-02-10 22:35:14,2020-05-19 10:39:55,1,"contains-pe,zip",未收录,,,,,,,,
efb0ff087957cebe4375baa44f38e11a3b7dbb8f4ba76cd0411dfa6a44599919,已收录,53/75,trojan.xorist/razr,trojan,xorist,,ZIP,14092,7ff9718b12239116932bcc4541aa48bf,6e205b11177bc3fbfe4f49d3a39e57cb1cc4fc1c,192:v+YJIo1roRFZNXERp6D3Di9i/YMGrG1Q/0S2IaScWonV/TgTIghOjp/v7cAZ0UX5:vjKyoXE36PYd/CSPUaIgh8v7cAeqTjx/,T19552D1F806AB690CF5975E7B806999E3CF93DCC8606A1C87812D07D44931EDF8636BC1,2019-06-02 04:52:09,2026-09-29 19:59:45,3,"contains-pe,upx,zip",未收录,,,,,,,,
f1886817dac644b3c0bebc73bd00f222893865eee2a5c6c683fe0572a63e1b07,已收录,52/74,,,,熊猫烧香GameSetup.zip,ZIP,28322,eb40be73cc0b5ea9f3cba5ede92dfeb2,8a08a47099e7cc204ffa13fe05dbc36c731394f0,768:kkSSfr3DAHm8ONRf1cpKasY1bNSaLaDU2ImKLSg1SBC:mSfrzAG8q/cp2aSvUxr,,2018-05-24 10:03:50,2020-05-17 13:17:12,3,"contains-pe,zip,fsg",未收录,,,,,,,,
f2c2bc91709e67d803384c339eeb1591c3c996d5460c121f319edd96881e3f98,已收录,41/75,,,,XiaoBa 2018-4-29测试版勒索.zip,ZIP,123262,6fe21d1eda453e2d68e6ff1bbe5246da,949c4747f00fcb75b0dc4be57e26cf54745a7aee,3072:AfEJtltGQ4wCc9yKv6kzDy0xpghmJJXIvGZZyQFCLvtq:sEJPQQ4wCPmzNpghANQLQgq,T1C1C312077B94E561D34E7A69A223C4F8D2E4AE68D50CC3CCCE398AD57A1944F9086CDE,2020-02-10 22:36:10,2023-08-17 09:20:41,2,"contains-pe,zip",未收录,,,,,,,,
f636b1a16aab9ae14cfdde5b0963e36d3d1fbce1d70262e833402d7fa722f67c,已收录,54/75,,,,Petya 勒索.zip,ZIP,134913,ff23f642b8e5c4753fa61de9e683f876,6054eed195131d3bff09a4ff5673359e236e4b55,3072:NJAPiXPq+aJfdRqFiT7fmphKEXE0skLmZcf/kt4+53xNz+L4nqs/:N6P5+alqF2jmplU0fLCrNz+L4nqs/,T17ED3121EE898A5B709BA67920DED13ECBCDD00998AC6A9F31CD45E64C1219FE781DCC1,2020-02-10 22:34:39,2023-08-01 16:22:13,2,"contains-pe,zip",未收录,,,,,,,,
f8746d578827ae3e34cb006c0200197813b80166a2fb4756e1c180c69323e896,已收录,52/75,,,,Ransom.p 勒索.zip,ZIP,160554,e3a31f7146d6f0ff7b327be345b1188b,d8067945d3506094aa3d12b634fa1b9b332bdd8c,3072:nMS0vrrGM0b70QZeGDuw0Aas/4iauqDW5uVOu0CJenFcpAg65S9d:nM/nKAQ4GD1FEublYknEAZS9d,T14BF313910A5359312C0FA0F60F7FCB40FB9296735E52163F7D23156A7E82B82658CCAE,2020-02-10 22:35:18,2023-08-01 15:46:56,1,"contains-pe,zip",未收录,,,,,,,,
f985f91de66fd1cd59f9b68b7edabc2d15c73bb3d6157d29b7a2788fa15b3eb6,已收录,51/75,,,,ScammerLocker 勒索.zip,ZIP,175081,66efccda0278163962074b8abc66c9ea,94cc04cc8853a26919cfde6ff5054804c2d4ce4f,3072:wfT6Fi+tjzZ1om97XESJdBc2drM0Rmtsfw4i2O/Zgm0Va49Lm:MTYZ1r97XEOBzdrR5dTVmQM,T15304127CAF070649B09736DAD18930C6B5BDDAF834E33F786E31852599890649C81FBD,2020-02-10 22:35:54,2023-08-01 22:21:35,1,"contains-pe,zip",未收录,,,,,,,,
f99132a6dbdd274a77eed598cf582747300743373c443d7f6808c7b4465ce904,已收录,51/75,,,,Cryakl 勒索.zip,ZIP,44432,8b517ad834c6e8beded6e8e161545e63,2987db146324aa5769f01561f531dd608b3ad322,768:XueJOQkKqDGuWI/fM3+ewxLvNn0wrfCJa+6iQMRzKlclf/BehD5dINzWTKY:xcKAG/I8K0EfCM+6/MwlcZ5MHgWH,T1C913F1C5328FC645EC53AFB7C58D2A4E80C419276BB22898698D1C65C36EB732447B63,2020-02-10 22:34:19,2023-08-03 14:43:05,4,"contains-pe,spreader,zip",未收录,,,,,,,,
f99b64e83026c8c044b5111a48e4d9412ba6763ca1ea22f460e98409a5cf7e5e,已收录,49/75,,,,q2oic2i0b 数字签名勒索.zip,ZIP,244644,734cf5e6181e06a01c5ba3d2d1d4c65d,8b2d2d165d21c5dd9855d57f324d7b893139df33,3072:KFx9gLq6wAw2QLz5JrVtAiA9zapzuPGopxNgM+48VvEssFLGjQ5qtSIwo+ehXJ+d:Kf9gLfZEZVOlKKs4mhW+IqtlSe7+uE,T17D3423721FCED7DF5D60A9EF84C478E31E0C8414E2BC2D5AB49AC9A55EB814F423D4A2,2020-02-10 22:34:42,2023-08-04 19:44:20,2,"contains-pe,spreader,zip",未收录,,,,,,,,
f9b009f4395a631143b33710e857d2a64ef1475e492bb3bbe3e5b809ed8b2225,已收录,44/75,,,,Ransom 勒索.zip,ZIP,131346,38c6720a4e1b8cc5733a0ef1ee05706c,5eba6b072188e53ea25c829cd712302ea2f35433,3072:/HnYf9p686/q57r9GPUaxZ82etf/gRJzc8t/LXp:PjE5rs8JottzXp,T169D312E1A059D405262F3B3631D1A33F586FB9F344BB23E65C1AD3724764292F06F9A1,2020-02-10 22:34:47,2023-08-01 15:46:31,1,"contains-pe,zip",未收录,,,,,,,,
fa491f5ff14e079bcc8f01667e1b42133a46e47efb8dd472fe1f2b47917ad5a2,已收录,54/75,,,,wcry2.0 勒索.zip,ZIP,3481445,bbc8a2a1e1bbe1914ba4e58e188b7d36,a48c2f5488abd33a974c612eb5b57724d3edac2e,98304:lR8mfbuhN9JIXFYSUdA16SqaZtvrWetJRFPBquK9b8w3B:lamuJUFYfA1ZqaievnBqu4gwx,T14FF533FCE53AB7C8F2D43EE54955840779AB2066EBA71C34979141E72D88E7F8EC04A0,2020-02-10 22:36:09,2023-08-01 15:48:13,1,"contains-pe,zip",未收录,,,,,,,,
